epoch,train_loss,train_after_loss,test_loss
1,0.11843365,-,-
2,0.048751857,-,-
3,0.03994459,-,-
4,0.034466207,-,-
5,0.029909829,-,-
6,0.025921782,-,-
7,0.023529671,-,-
