epoch,time_taken,scores
4,65.97679376602173,"{'Bleu_1': 0.6432199892357832, 'Bleu_2': 0.6317519056141805, 'Bleu_3': 0.6241822996392665, 'Bleu_4': 0.6179556642611786, 'Gleu_1': 0.6813624678663239, 'Gleu_2': 0.6666016640665626, 'Gleu_3': 0.6559267052428547, 'Gleu_4': 0.6466870675891432}"
7,65.78235626220703,"{'Bleu_1': 0.6716883115515556, 'Bleu_2': 0.6584803035740541, 'Bleu_3': 0.6493837786061648, 'Bleu_4': 0.6416888031632472, 'Gleu_1': 0.6810301507537688, 'Gleu_2': 0.6655233739837398, 'Gleu_3': 0.6541623843782117, 'Gleu_4': 0.6442632536382537}"
